<?xml version="1.0" encoding="UTF-8"?>

<channel name="thunar" version="1.0">
  <property name="last-view" type="string" value="ThunarDetailsView"/>
  <property name="last-icon-view-zoom-level" type="string" value="THUNAR_ZOOM_LEVEL_100_PERCENT"/>
  <property name="last-side-pane" type="string" value="ThunarShortcutsPane"/>
  <property name="last-location-bar" type="string" value="ThunarLocationButtons"/>
  <property name="last-details-view-zoom-level" type="string" value="THUNAR_ZOOM_LEVEL_75_PERCENT"/>
  <property name="last-separator-position" type="int" value="170"/>
  <property name="last-details-view-column-widths" type="string" value="50,50,168,50,50,50,50,50,432,50,50,66,50,62"/>
  <property name="last-window-width" type="int" value="899"/>
  <property name="last-window-height" type="int" value="541"/>
  <property name="last-window-maximized" type="bool" value="false"/>
  <property name="last-menubar-visible" type="bool" value="true"/>
  <property name="misc-single-click" type="bool" value="false"/>
  <property name="misc-date-style" type="string" value="THUNAR_DATE_STYLE_DDMMYYYY"/>
  <property name="last-show-hidden" type="bool" value="false"/>
</channel>
