<?xml version="1.0" encoding="UTF-8"?>

<channel name="xfce4-terminal" version="1.0">
  <property name="misc-copy-on-select" type="bool" value="true"/>
  <property name="misc-show-unsafe-paste-dialog" type="bool" value="false"/>
  <property name="misc-right-click-action" type="string" value="TERMINAL_RIGHT_CLICK_ACTION_PASTE_CLIPBOARD"/>
  <property name="color-foreground" type="string" value="#aab2c1"/>
  <property name="color-background" type="string" value="#282c34"/>
  <property name="color-background-vary" type="bool" value="false"/>
  <property name="color-cursor-foreground" type="string" value=""/>
  <property name="color-cursor" type="string" value="#282C34"/>
  <property name="color-cursor-use-default" type="bool" value="true"/>
  <property name="color-selection" type="string" value=""/>
  <property name="color-selection-background" type="string" value=""/>
  <property name="color-selection-use-default" type="bool" value="true"/>
  <property name="color-bold" type="string" value="#dcdfe4"/>
  <property name="color-bold-use-default" type="bool" value="false"/>
  <property name="color-palette" type="string" value="#282c34;#e06c75;#98c379;#e5c07b;#61afef;#c678dd;#56b6c2;#dcdfe4;#5b687b;#e06c75;#98c379;#e5c07b;#61afef;#c678dd;#56b6c2;#dcdfe4"/>
  <property name="color-bold-is-bright" type="bool" value="true"/>
  <property name="color-use-theme" type="bool" value="false"/>
  <property name="tab-activity-color" type="string" value="#aa0000"/>
  <property name="font-use-system" type="bool" value="false"/>
  <property name="font-name" type="string" value="Monospace Bold 12"/>
  <property name="scrolling-bar" type="string" value="TERMINAL_SCROLLBAR_NONE"/>
  <property name="misc-default-geometry" type="string" value="90x24"/>
  <property name="misc-menubar-default" type="bool" value="false"/>
  <property name="misc-borders-default" type="bool" value="true"/>
  <property name="misc-confirm-close" type="bool" value="false"/>
  <property name="font-allow-bold" type="bool" value="true"/>
</channel>
