<?xml version="1.0" encoding="UTF-8"?>

<channel name="xfce4-panel" version="1.0">
  <property name="configver" type="int" value="2"/>
  <property name="panels" type="array">
    <value type="int" value="1"/>
    <value type="int" value="2"/>
    <property name="dark-mode" type="bool" value="false"/>
    <property name="panel-1" type="empty">
      <property name="position" type="string" value="p=6;x=0;y=0"/>
      <property name="length" type="uint" value="100"/>
      <property name="position-locked" type="bool" value="true"/>
      <property name="icon-size" type="uint" value="16"/>
      <property name="size" type="uint" value="26"/>
      <property name="plugin-ids" type="array">
        <value type="int" value="4"/>
        <value type="int" value="5"/>
        <value type="int" value="12"/>
        <value type="int" value="13"/>
      </property>
    </property>
    <property name="panel-2" type="empty">
      <property name="autohide-behavior" type="uint" value="1"/>
      <property name="position" type="string" value="p=10;x=0;y=0"/>
      <property name="length" type="double" value="1"/>
      <property name="position-locked" type="bool" value="true"/>
      <property name="size" type="uint" value="48"/>
      <property name="plugin-ids" type="array">
        <value type="int" value="15"/>
        <value type="int" value="17"/>
        <value type="int" value="18"/>
        <value type="int" value="19"/>
        <value type="int" value="7"/>
      </property>
      <property name="enable-struts" type="bool" value="false"/>
    </property>
  </property>
  <property name="plugins" type="empty">
    <property name="plugin-4" type="string" value="pager">
      <property name="rows" type="uint" value="1"/>
      <property name="miniature-view" type="bool" value="false"/>
      <property name="wrap-workspaces" type="bool" value="false"/>
      <property name="numbering" type="bool" value="false"/>
    </property>
    <property name="plugin-5" type="string" value="separator">
      <property name="style" type="uint" value="0"/>
      <property name="expand" type="bool" value="true"/>
    </property>
    <property name="plugin-12" type="string" value="clock">
      <property name="digital-layout" type="uint" value="3"/>
      <property name="digital-time-format" type="string" value="%T"/>
      <property name="digital-time-font" type="string" value="Sans Bold 10"/>
    </property>
    <property name="plugin-13" type="string" value="separator">
      <property name="style" type="uint" value="0"/>
      <property name="expand" type="bool" value="false"/>
    </property>
    <property name="plugin-15" type="string" value="showdesktop"/>
    <property name="plugin-17" type="string" value="launcher">
      <property name="items" type="array">
        <value type="string" value="17351524851.desktop"/>
      </property>
    </property>
    <property name="plugin-18" type="string" value="launcher">
      <property name="items" type="array">
        <value type="string" value="17351524852.desktop"/>
      </property>
    </property>
    <property name="plugin-19" type="string" value="launcher">
      <property name="items" type="array">
        <value type="string" value="17351524853.desktop"/>
      </property>
    </property>
    <property name="plugin-7" type="string" value="tasklist">
      <property name="show-labels" type="bool" value="false"/>
      <property name="middle-click" type="uint" value="3"/>
      <property name="show-wireframes" type="bool" value="false"/>
      <property name="include-all-monitors" type="bool" value="false"/>
      <property name="include-all-workspaces" type="bool" value="true"/>
      <property name="show-handle" type="bool" value="false"/>
    </property>
  </property>
</channel>
